"unique","age","lactation","disease","presence"
"K100-P284",6.7,"6","mf",0
"K100-P284",6.7,"6","da",0
"K100-P295",6.9,"6","mf",0
"K100-P295",6.9,"6","da",0
"K100-P357",5.9,"4","mf",0
"K100-P357",5.9,"4","da",0
"K100-P362",6.6,"5","mf",0
"K100-P362",6.6,"5","da",0
"K100-P406",5.4,"4","mf",0
"K100-P406",5.4,"4","da",0
"K100-P416",4.4,"3","mf",0
"K100-P416",4.4,"3","da",0
"K100-P436",4.6,"3","mf",0
"K100-P436",4.6,"3","da",0
"K100-P445",4.2,"3","mf",0
"K100-P445",4.2,"3","da",0
"K100-P455",4.6,"3","mf",0
"K100-P455",4.6,"3","da",0
"K100-P458",4.7,"3","mf",0
"K100-P458",4.7,"3","da",0
"K100-P460",4.5,"3","mf",0
"K100-P460",4.5,"3","da",0
"K100-P462",4.7,"3","mf",0
"K100-P462",4.7,"3","da",0
"K100-P501",4.1,"3","mf",0
"K100-P501",4.1,"3","da",0
"K100-P504",2.7,"2","mf",0
"K100-P504",2.7,"2","da",0
"K100-P517",3.1,"2","mf",0
"K100-P517",3.1,"2","da",0
"K100-P525",3.5,"2","mf",0
"K100-P525",3.5,"2","da",0
"K100-P535",4.9,"2","mf",0
"K100-P535",4.9,"2","da",0
"K100-P548",2.9,"2","mf",0
"K100-P548",2.9,"2","da",0
"K100-P554",6.4,"5","mf",0
"K100-P554",6.4,"5","da",0
"K100-P563",1.9,"1","mf",0
"K100-P563",1.9,"1","da",0
"K100-P578",2.1,"1","mf",0
"K100-P578",2.1,"1","da",0
"K100-P580",2,"1","mf",0
"K100-P580",2,"1","da",0
"K100-P597",2.1,"1","mf",0
"K100-P597",2.1,"1","da",0
"K100-P640",2.9,"1","mf",0
"K100-P640",2.9,"1","da",0
"K101-P204",6.4,"5","mf",0
"K101-P204",6.4,"5","da",0
"K101-P235",4.9,"3","mf",0
"K101-P235",4.9,"3","da",0
"K101-P260",3.8,"2","mf",0
"K101-P260",3.8,"2","da",0
"K101-P337",2.1,"1","mf",0
"K101-P337",2.1,"1","da",0
"K101-P339",2.2,"1","mf",0
"K101-P339",2.2,"1","da",0
"K101-P340",2.1,"1","mf",0
"K101-P340",2.1,"1","da",0
"K101-P377",2,"1","mf",0
"K101-P377",2,"1","da",0
"K101-P391",2.2,"1","mf",0
"K101-P391",2.2,"1","da",0
"K102-P191",7.2,"5","mf",0
"K102-P191",7.2,"5","da",0
"K102-P212",6.9,"6","mf",0
"K102-P212",6.9,"6","da",0
"K102-P262",4.2,"3","mf",0
"K102-P262",4.2,"3","da",0
"K102-P280",2.1,"1","mf",0
"K102-P280",2.1,"1","da",0
"K102-P287",2.8,"2","mf",0
"K102-P287",2.8,"2","da",0
"K102-P291",3.3,"2","mf",0
"K102-P291",3.3,"2","da",0
"K102-P311",2,"1","mf",0
"K102-P311",2,"1","da",0
"K103-P193",5.2,"3","mf",0
"K103-P193",5.2,"3","da",0
"K103-P214",5.8,"4","mf",0
"K103-P214",5.8,"4","da",0
"K103-P221",4.7,"3","mf",0
"K103-P221",4.7,"3","da",0
"K103-P273",2.1,"1","mf",0
"K103-P273",2.1,"1","da",0
"K103-P278",2.1,"1","mf",0
"K103-P278",2.1,"1","da",0
"K103-P295",2,"1","mf",0
"K103-P295",2,"1","da",0
"K104-P260",6.4,"5","mf",0
"K104-P260",6.4,"5","da",1
"K104-P264",5.4,"4","mf",0
"K104-P264",5.4,"4","da",0
"K104-P327",4.1,"3","mf",0
"K104-P327",4.1,"3","da",0
"K104-P330",5.8,"4","mf",1
"K104-P330",5.8,"4","da",0
"K104-P333",4.3,"3","mf",0
"K104-P333",4.3,"3","da",0
"K104-P354",3.9,"3","mf",0
"K104-P354",3.9,"3","da",0
"K104-P360",2.9,"2","mf",0
"K104-P360",2.9,"2","da",0
"K104-P367",3.2,"2","mf",0
"K104-P367",3.2,"2","da",0
"K104-P373",4.4,"2","mf",0
"K104-P373",4.4,"2","da",0
"K104-P377",3.2,"2","mf",0
"K104-P377",3.2,"2","da",0
"K104-P385",4.1,"3","mf",0
"K104-P385",4.1,"3","da",0
"K104-P397",3.2,"2","mf",0
"K104-P397",3.2,"2","da",0
"K104-P400",3.4,"2","mf",0
"K104-P400",3.4,"2","da",0
"K104-P415",2.1,"1","mf",0
"K104-P415",2.1,"1","da",0
"K104-P416",2.4,"1","mf",0
"K104-P416",2.4,"1","da",0
"K104-P418",2.1,"1","mf",0
"K104-P418",2.1,"1","da",0
"K104-P427",2.1,"1","mf",0
"K104-P427",2.1,"1","da",0
"K104-P433",2.4,"1","mf",0
"K104-P433",2.4,"1","da",0
"K104-P442",2.4,"1","mf",0
"K104-P442",2.4,"1","da",0
"K105-P111",5.5,"4","mf",0
"K105-P111",5.5,"4","da",0
"K105-P117",4.7,"3","mf",0
"K105-P117",4.7,"3","da",0
"K105-P133",3.8,"2","mf",0
"K105-P133",3.8,"2","da",0
"K105-P141",4.7,"3","mf",0
"K105-P141",4.7,"3","da",0
"K105-P146",3.2,"2","mf",0
"K105-P146",3.2,"2","da",0
"K105-P148",3.5,"2","mf",0
"K105-P148",3.5,"2","da",0
"K105-P151",3.2,"2","mf",0
"K105-P151",3.2,"2","da",0
"K105-P154",2.2,"1","mf",0
"K105-P154",2.2,"1","da",0
"K105-P159",2.4,"1","mf",0
"K105-P159",2.4,"1","da",0
"K105-P160",2.3,"1","mf",0
"K105-P160",2.3,"1","da",0
"K105-P28",10.3,"9","mf",1
"K105-P28",10.3,"9","da",0
"K105-P64",6.9,"5","mf",0
"K105-P64",6.9,"5","da",0
"K105-P84",6.4,"5","mf",0
"K105-P84",6.4,"5","da",0
"K105-P91",5.6,"4","mf",0
"K105-P91",5.6,"4","da",0
"K105-P93",5.3,"4","mf",0
"K105-P93",5.3,"4","da",0
"K105-P99",5.2,"4","mf",0
"K105-P99",5.2,"4","da",0
"K106-P208",9.9,"9","mf",0
"K106-P208",9.9,"9","da",0
"K106-P273",6.9,"5","mf",0
"K106-P273",6.9,"5","da",0
"K106-P283",6.9,"5","mf",0
"K106-P283",6.9,"5","da",0
"K106-P308",5.4,"4","mf",0
"K106-P308",5.4,"4","da",0
"K106-P320",5.4,"4","mf",0
"K106-P320",5.4,"4","da",0
"K106-P338",3.1,"2","mf",0
"K106-P338",3.1,"2","da",0
"K106-P346",3,"2","mf",0
"K106-P346",3,"2","da",0
"K106-P352",3.1,"2","mf",0
"K106-P352",3.1,"2","da",0
"K106-P361",2,"1","mf",0
"K106-P361",2,"1","da",0
"K106-P366",2.1,"1","mf",0
"K106-P366",2.1,"1","da",0
"K107-P298",5.3,"3","mf",0
"K107-P298",5.3,"3","da",0
"K107-P318",3.9,"2","mf",0
"K107-P318",3.9,"2","da",0
"K107-P331",3.9,"2","mf",0
"K107-P331",3.9,"2","da",0
"K107-P350",2.8,"1","mf",0
"K107-P350",2.8,"1","da",0
"K108-P117",3.1,"2","mf",0
"K108-P117",3.1,"2","da",0
"K108-P128",3.2,"2","mf",0
"K108-P128",3.2,"2","da",0
"K108-P56",6.8,"5","mf",0
"K108-P56",6.8,"5","da",0
"K108-P58",6.4,"5","mf",0
"K108-P58",6.4,"5","da",0
"K108-P6",9.4,"7","mf",0
"K108-P6",9.4,"7","da",0
"K10-P113",4.1,"3","mf",0
"K10-P113",4.1,"3","da",0
"K10-P160",4.5,"3","mf",0
"K10-P160",4.5,"3","da",0
"K10-P172",3.9,"2","mf",0
"K10-P172",3.9,"2","da",0
"K10-P199",2,"1","mf",0
"K10-P199",2,"1","da",0
"K10-P5",7.4,"5","mf",1
"K10-P5",7.4,"5","da",0
"K10-P81",5.6,"4","mf",0
"K10-P81",5.6,"4","da",0
"K110-P523",5.2,"4","mf",0
"K110-P523",5.2,"4","da",0
"K110-P578",4.8,"3","mf",0
"K110-P578",4.8,"3","da",0
"K110-P607",4.4,"3","mf",0
"K110-P607",4.4,"3","da",0
"K110-P609",4.5,"3","mf",0
"K110-P609",4.5,"3","da",0
"K110-P611",3.8,"2","mf",0
"K110-P611",3.8,"2","da",0
"K110-P630",6.3,"4","mf",0
"K110-P630",6.3,"4","da",0
"K110-P633",4.2,"3","mf",0
"K110-P633",4.2,"3","da",0
"K110-P645",3.1,"2","mf",0
"K110-P645",3.1,"2","da",0
"K110-P661",3.2,"2","mf",0
"K110-P661",3.2,"2","da",0
"K110-P662",3.2,"2","mf",0
"K110-P662",3.2,"2","da",0
"K110-P669",3.1,"2","mf",0
"K110-P669",3.1,"2","da",0
"K110-P670",3.3,"2","mf",0
"K110-P670",3.3,"2","da",0
"K110-P671",3.2,"2","mf",0
"K110-P671",3.2,"2","da",0
"K110-P673",3.2,"2","mf",0
"K110-P673",3.2,"2","da",0
"K110-P680",2.2,"1","mf",0
"K110-P680",2.2,"1","da",0
"K110-P687",2.3,"1","mf",0
"K110-P687",2.3,"1","da",0
"K110-P706",2.4,"1","mf",0
"K110-P706",2.4,"1","da",0
"K110-P735",2.4,"1","mf",0
"K110-P735",2.4,"1","da",0
"K110-P787",2,"1","mf",0
"K110-P787",2,"1","da",0
"K111-P110",3.6,"2","mf",0
"K111-P110",3.6,"2","da",0
"K111-P117",3.2,"2","mf",0
"K111-P117",3.2,"2","da",0
"K111-P120",3.1,"2","mf",0
"K111-P120",3.1,"2","da",0
"K111-P132",3.3,"2","mf",0
"K111-P132",3.3,"2","da",0
"K111-P135",3.3,"2","mf",0
"K111-P135",3.3,"2","da",0
"K111-P146",6,"5","mf",0
"K111-P146",6,"5","da",0
"K111-P151",2.3,"1","mf",0
"K111-P151",2.3,"1","da",0
"K111-P158",5.1,"4","mf",0
"K111-P158",5.1,"4","da",0
"K111-P170",2.2,"1","mf",0
"K111-P170",2.2,"1","da",0
"K111-P177",2.3,"1","mf",0
"K111-P177",2.3,"1","da",0
"K111-P182",2.4,"1","mf",0
"K111-P182",2.4,"1","da",0
"K111-P194",2.1,"1","mf",0
"K111-P194",2.1,"1","da",0
"K111-P196",2.4,"1","mf",0
"K111-P196",2.4,"1","da",0
"K111-P197",2,"1","mf",0
"K111-P197",2,"1","da",0
"K111-P20",7.5,"5","mf",0
"K111-P20",7.5,"5","da",0
"K111-P95",4.7,"3","mf",0
"K111-P95",4.7,"3","da",0
"K112-P10",7.9,"5","mf",0
"K112-P10",7.9,"5","da",0
"K112-P132",5.1,"3","mf",0
"K112-P132",5.1,"3","da",0
"K112-P135",4.6,"3","mf",0
"K112-P135",4.6,"3","da",0
"K112-P179",6.8,"4","mf",0
"K112-P179",6.8,"4","da",0
"K112-P192",4.9,"3","mf",0
"K112-P192",4.9,"3","da",1
"K112-P229",6.1,"4","mf",0
"K112-P229",6.1,"4","da",0
"K112-P233",3.3,"2","mf",0
"K112-P233",3.3,"2","da",0
"K112-P234",3.6,"2","mf",0
"K112-P234",3.6,"2","da",0
"K112-P253",3.1,"2","mf",0
"K112-P253",3.1,"2","da",0
"K112-P286",2.1,"1","mf",0
"K112-P286",2.1,"1","da",0
"K112-P292",2.3,"1","mf",0
"K112-P292",2.3,"1","da",0
"K112-P306",3.6,"2","mf",0
"K112-P306",3.6,"2","da",0
"K112-P307",2,"1","mf",0
"K112-P307",2,"1","da",0
"K112-P308",2,"1","mf",0
"K112-P308",2,"1","da",0
"K112-P319",6.9,"6","mf",0
"K112-P319",6.9,"6","da",0
"K112-P321",5.6,"4","mf",0
"K112-P321",5.6,"4","da",0
"K112-P421",4.9,"4","mf",0
"K112-P421",4.9,"4","da",0
"K112-P64",6.3,"5","mf",0
"K112-P64",6.3,"5","da",0
"K113-P327",8.6,"6","mf",0
"K113-P327",8.6,"6","da",0
"K113-P366",7.8,"6","mf",0
"K113-P366",7.8,"6","da",0
"K113-P407",6.4,"5","mf",0
"K113-P407",6.4,"5","da",0
"K113-P409",7.2,"6","mf",1
"K113-P409",7.2,"6","da",0
"K113-P527",5,"4","mf",0
"K113-P527",5,"4","da",0
"K113-P533",6.5,"5","mf",0
"K113-P533",6.5,"5","da",0
"K113-P555",3.6,"2","mf",0
"K113-P555",3.6,"2","da",0
"K113-P567",5.9,"4","mf",0
"K113-P567",5.9,"4","da",0
"K113-P577",3.4,"2","mf",0
"K113-P577",3.4,"2","da",0
"K113-P578",3.4,"2","mf",0
"K113-P578",3.4,"2","da",0
"K113-P584",3.2,"2","mf",0
"K113-P584",3.2,"2","da",0
"K113-P585",3.1,"2","mf",0
"K113-P585",3.1,"2","da",0
"K113-P593",2.5,"1","mf",0
"K113-P593",2.5,"1","da",0
"K113-P619",2.1,"1","mf",0
"K113-P619",2.1,"1","da",0
"K113-P620",2.4,"1","mf",0
"K113-P620",2.4,"1","da",0
"K113-P638",2,"1","mf",0
"K113-P638",2,"1","da",0
"K113-P650",3.4,"2","mf",0
"K113-P650",3.4,"2","da",0
"K113-P669",2.5,"1","mf",0
"K113-P669",2.5,"1","da",0
"K113-P676",2.7,"1","mf",0
"K113-P676",2.7,"1","da",0
"K114-P115",2.1,"1","mf",0
"K114-P115",2.1,"1","da",0
"K114-P15",6.7,"5","mf",0
"K114-P15",6.7,"5","da",0
"K114-P17",7.5,"6","mf",0
"K114-P17",7.5,"6","da",0
"K114-P29",4.2,"3","mf",0
"K114-P29",4.2,"3","da",0
"K114-P48",5.2,"4","mf",0
"K114-P48",5.2,"4","da",0
"K114-P49",5.3,"4","mf",0
"K114-P49",5.3,"4","da",1
"K114-P50",5,"3","mf",0
"K114-P50",5,"3","da",0
"K114-P96",4.3,"3","mf",0
"K114-P96",4.3,"3","da",1
"K115-P108",2.4,"1","mf",0
"K115-P108",2.4,"1","da",0
"K115-P21",8.3,"7","mf",0
"K115-P21",8.3,"7","da",0
"K115-P46",4.5,"3","mf",0
"K115-P46",4.5,"3","da",0
"K115-P6",10.4,"8","mf",0
"K115-P6",10.4,"8","da",0
"K115-P62",4.2,"3","mf",0
"K115-P62",4.2,"3","da",0
"K115-P68",3.6,"2","mf",0
"K115-P68",3.6,"2","da",0
"K115-P79",3.6,"2","mf",0
"K115-P79",3.6,"2","da",0
"K115-P95",2.2,"1","mf",0
"K115-P95",2.2,"1","da",0
"K115-P96",2.1,"1","mf",0
"K115-P96",2.1,"1","da",0
"K115-P97",2.1,"1","mf",0
"K115-P97",2.1,"1","da",0
"K116-P113",2.5,"1","mf",0
"K116-P113",2.5,"1","da",0
"K116-P114",3.2,"2","mf",0
"K116-P114",3.2,"2","da",0
"K116-P115",3.2,"2","mf",0
"K116-P115",3.2,"2","da",0
"K116-P120",2.2,"1","mf",0
"K116-P120",2.2,"1","da",0
"K116-P133",2,"1","mf",0
"K116-P133",2,"1","da",0
"K116-P140",6.8,"5","mf",0
"K116-P140",6.8,"5","da",0
"K116-P147",2,"1","mf",0
"K116-P147",2,"1","da",0
"K116-P165",2.1,"1","mf",0
"K116-P165",2.1,"1","da",0
"K116-P216",2.2,"1","mf",0
"K116-P216",2.2,"1","da",0
"K116-P26",4.1,"3","mf",0
"K116-P26",4.1,"3","da",0
"K116-P60",5.3,"4","mf",0
"K116-P60",5.3,"4","da",0
"K116-P83",4.4,"3","mf",0
"K116-P83",4.4,"3","da",0
"K116-P93",3.6,"2","mf",0
"K116-P93",3.6,"2","da",0
"K116-P98",3.4,"2","mf",0
"K116-P98",3.4,"2","da",0
"K117-P101",2.1,"1","mf",0
"K117-P101",2.1,"1","da",0
"K117-P15",6,"4","mf",0
"K117-P15",6,"4","da",0
"K117-P37",6.5,"5","mf",1
"K117-P37",6.5,"5","da",0
"K117-P46",8.9,"7","mf",0
"K117-P46",8.9,"7","da",0
"K117-P53",4.1,"3","mf",0
"K117-P53",4.1,"3","da",0
"K117-P55",4,"3","mf",0
"K117-P55",4,"3","da",0
"K117-P62",3.2,"2","mf",0
"K117-P62",3.2,"2","da",0
"K117-P67",3.1,"2","mf",0
"K117-P67",3.1,"2","da",0
"K117-P70",2.1,"1","mf",0
"K117-P70",2.1,"1","da",0
"K117-P72",2.5,"1","mf",0
"K117-P72",2.5,"1","da",0
"K117-P74",4.5,"3","mf",0
"K117-P74",4.5,"3","da",0
"K117-P77",2.1,"1","mf",0
"K117-P77",2.1,"1","da",0
"K118-P10",7.6,"6","mf",0
"K118-P10",7.6,"6","da",0
"K118-P100",3.2,"2","mf",0
"K118-P100",3.2,"2","da",0
"K118-P108",3,"1","mf",0
"K118-P108",3,"1","da",0
"K118-P111",3.3,"2","mf",0
"K118-P111",3.3,"2","da",0
"K118-P116",3.3,"2","mf",0
"K118-P116",3.3,"2","da",0
"K118-P130",3.1,"2","mf",0
"K118-P130",3.1,"2","da",0
"K118-P140",2.3,"1","mf",0
"K118-P140",2.3,"1","da",0
"K118-P143",2.3,"1","mf",0
"K118-P143",2.3,"1","da",0
"K118-P146",2.2,"1","mf",0
"K118-P146",2.2,"1","da",0
"K118-P152",2.3,"1","mf",0
"K118-P152",2.3,"1","da",0
"K118-P159",2,"1","mf",0
"K118-P159",2,"1","da",0
"K118-P37",5.8,"4","mf",0
"K118-P37",5.8,"4","da",0
"K118-P59",5.1,"4","mf",0
"K118-P59",5.1,"4","da",0
"K118-P65",2.1,"1","mf",0
"K118-P65",2.1,"1","da",0
"K118-P76",4.5,"3","mf",0
"K118-P76",4.5,"3","da",0
"K118-P93",4.1,"3","mf",0
"K118-P93",4.1,"3","da",0
"K118-P94",3.2,"2","mf",0
"K118-P94",3.2,"2","da",0
"K119-P12",6,"5","mf",0
"K119-P12",6,"5","da",0
"K119-P26",5,"3","mf",0
"K119-P26",5,"3","da",0
"K119-P32",4.8,"3","mf",0
"K119-P32",4.8,"3","da",0
"K119-P43",7.3,"5","mf",0
"K119-P43",7.3,"5","da",0
"K119-P64",3.7,"2","mf",0
"K119-P64",3.7,"2","da",0
"K119-P74",3.5,"2","mf",0
"K119-P74",3.5,"2","da",0
"K119-P81",2.5,"1","mf",0
"K119-P81",2.5,"1","da",0
"K11-P105",6.6,"5","mf",0
"K11-P105",6.6,"5","da",0
"K11-P106",6.1,"5","mf",0
"K11-P106",6.1,"5","da",0
"K11-P12",3.9,"2","mf",0
"K11-P12",3.9,"2","da",0
"K11-P124",3.7,"2","mf",0
"K11-P124",3.7,"2","da",0
"K11-P136",3.7,"2","mf",0
"K11-P136",3.7,"2","da",0
"K11-P144",3.4,"2","mf",0
"K11-P144",3.4,"2","da",0
"K11-P147",3.3,"2","mf",0
"K11-P147",3.3,"2","da",0
"K11-P152",3.2,"2","mf",0
"K11-P152",3.2,"2","da",0
"K11-P163",3.2,"2","mf",0
"K11-P163",3.2,"2","da",0
"K11-P166",2.3,"1","mf",0
"K11-P166",2.3,"1","da",0
"K11-P167",2.4,"1","mf",0
"K11-P167",2.4,"1","da",0
"K11-P20",4.7,"3","mf",0
"K11-P20",4.7,"3","da",0
"K11-P32",4.7,"3","mf",0
"K11-P32",4.7,"3","da",0
"K11-P33",4.5,"3","mf",0
"K11-P33",4.5,"3","da",0
"K11-P42",7.2,"5","mf",0
"K11-P42",7.2,"5","da",0
"K11-P46",7.3,"5","mf",0
"K11-P46",7.3,"5","da",0
"K11-P82",4.6,"3","mf",0
"K11-P82",4.6,"3","da",0
"K11-P90",3.8,"2","mf",0
"K11-P90",3.8,"2","da",0
"K11-P98",5.5,"4","mf",0
"K11-P98",5.5,"4","da",0
"K120-P10",2.1,"1","mf",0
"K120-P10",2.1,"1","da",0
"K120-P20",2.6,"1","mf",0
"K120-P20",2.6,"1","da",0
"K120-P33",5.7,"4","mf",0
"K120-P33",5.7,"4","da",0
"K120-P36",4,"2","mf",0
"K120-P36",4,"2","da",0
"K120-P44",3.3,"2","mf",0
"K120-P44",3.3,"2","da",0
"K120-P47",2.7,"1","mf",0
"K120-P47",2.7,"1","da",0
"K120-P5",6.1,"4","mf",0
"K120-P5",6.1,"4","da",0
"K120-P66",3.7,"2","mf",0
"K120-P66",3.7,"2","da",0
"K120-P70",2.4,"1","mf",0
"K120-P70",2.4,"1","da",0
"K120-P78",3,"2","mf",0
"K120-P78",3,"2","da",0
"K121-P10",4.8,"3","mf",0
"K121-P10",4.8,"3","da",0
"K121-P122",4.3,"3","mf",0
"K121-P122",4.3,"3","da",0
"K121-P3",9.1,"8","mf",0
"K121-P3",9.1,"8","da",0
"K121-P42",6,"5","mf",0
"K121-P42",6,"5","da",0
"K121-P49",7.3,"6","mf",0
"K121-P49",7.3,"6","da",0
"K121-P57",3.3,"2","mf",0
"K121-P57",3.3,"2","da",0
"K121-P85",4.6,"3","mf",0
"K121-P85",4.6,"3","da",0
"K121-P89",4.6,"3","mf",0
"K121-P89",4.6,"3","da",1
"K121-P96",2.1,"1","mf",0
"K121-P96",2.1,"1","da",1
"K122-P104",2.5,"1","mf",0
"K122-P104",2.5,"1","da",0
"K122-P105",2.2,"1","mf",0
"K122-P105",2.2,"1","da",0
"K122-P108",2.2,"1","mf",0
"K122-P108",2.2,"1","da",0
"K122-P37",5.6,"4","mf",0
"K122-P37",5.6,"4","da",0
"K122-P75",3.3,"2","mf",1
"K122-P75",3.3,"2","da",0
"K122-P86",2.3,"1","mf",0
"K122-P86",2.3,"1","da",0
"K122-P92",2.2,"1","mf",0
"K122-P92",2.2,"1","da",0
"K122-P96",2.1,"1","mf",0
"K122-P96",2.1,"1","da",0
"K123-P273",5.9,"4","mf",1
"K123-P273",5.9,"4","da",0
"K123-P308",4.3,"3","mf",0
"K123-P308",4.3,"3","da",0
"K123-P309",4.7,"3","mf",0
"K123-P309",4.7,"3","da",0
"K123-P315",3.5,"2","mf",0
"K123-P315",3.5,"2","da",0
"K123-P327",3.6,"2","mf",0
"K123-P327",3.6,"2","da",0
"K123-P335",2.3,"1","mf",0
"K123-P335",2.3,"1","da",0
"K123-P339",2.5,"1","mf",0
"K123-P339",2.5,"1","da",0
"K123-P355",4.5,"3","mf",0
"K123-P355",4.5,"3","da",0
"K123-P360",1.9,"1","mf",0
"K123-P360",1.9,"1","da",0
"K123-P363",2.2,"1","mf",0
"K123-P363",2.2,"1","da",0
"K124-P318",7.6,"5","mf",0
"K124-P318",7.6,"5","da",0
"K124-P326",6.6,"5","mf",1
"K124-P326",6.6,"5","da",0
"K124-P370",4.5,"3","mf",0
"K124-P370",4.5,"3","da",0
"K124-P388",4.3,"3","mf",0
"K124-P388",4.3,"3","da",0
"K124-P389",4.2,"3","mf",0
"K124-P389",4.2,"3","da",0
"K124-P407",3.4,"2","mf",0
"K124-P407",3.4,"2","da",0
"K124-P433",2.4,"1","mf",0
"K124-P433",2.4,"1","da",0
"K124-P434",2.2,"1","mf",0
"K124-P434",2.2,"1","da",0
"K125-P112",4.3,"3","mf",0
"K125-P112",4.3,"3","da",0
"K125-P116",4.2,"3","mf",0
"K125-P116",4.2,"3","da",0
"K125-P123",4,"2","mf",0
"K125-P123",4,"2","da",0
"K125-P135",3.7,"2","mf",0
"K125-P135",3.7,"2","da",0
"K125-P14",8,"6","mf",1
"K125-P14",8,"6","da",0
"K125-P146",3.4,"2","mf",0
"K125-P146",3.4,"2","da",0
"K125-P147",3.3,"2","mf",0
"K125-P147",3.3,"2","da",0
"K125-P168",2.1,"1","mf",0
"K125-P168",2.1,"1","da",0
"K125-P172",2.1,"1","mf",0
"K125-P172",2.1,"1","da",0
"K125-P178",2.1,"1","mf",0
"K125-P178",2.1,"1","da",0
"K125-P182",2.2,"1","mf",0
"K125-P182",2.2,"1","da",0
"K125-P197",2,"1","mf",0
"K125-P197",2,"1","da",0
"K125-P208",2.1,"1","mf",0
"K125-P208",2.1,"1","da",0
"K125-P71",8.6,"7","mf",0
"K125-P71",8.6,"7","da",0
"K125-P95",4.4,"3","mf",1
"K125-P95",4.4,"3","da",0
"K125-P96",4.7,"3","mf",0
"K125-P96",4.7,"3","da",1
"K125-P97",4.3,"3","mf",0
"K125-P97",4.3,"3","da",0
"K126-P1003",2.3,"1","mf",0
"K126-P1003",2.3,"1","da",0
"K126-P1008",2.1,"1","mf",0
"K126-P1008",2.1,"1","da",0
"K126-P1011",2.3,"1","mf",0
"K126-P1011",2.3,"1","da",0
"K126-P1013",2.4,"1","mf",0
"K126-P1013",2.4,"1","da",0
"K126-P1033",2.3,"1","mf",0
"K126-P1033",2.3,"1","da",0
"K126-P1036",2.2,"1","mf",0
"K126-P1036",2.2,"1","da",0
"K126-P1047",2.3,"1","mf",0
"K126-P1047",2.3,"1","da",0
"K126-P1050",2.2,"1","mf",0
"K126-P1050",2.2,"1","da",0
"K126-P1053",2.2,"1","mf",0
"K126-P1053",2.2,"1","da",0
"K126-P1060",2.2,"1","mf",0
"K126-P1060",2.2,"1","da",0
"K126-P1133",6.3,"5","mf",0
"K126-P1133",6.3,"5","da",0
"K126-P1257",4.7,"4","mf",0
"K126-P1257",4.7,"4","da",0
"K126-P1258",5.7,"4","mf",0
"K126-P1258",5.7,"4","da",0
"K126-P1261",2.1,"1","mf",0
"K126-P1261",2.1,"1","da",0
"K126-P1265",3.9,"3","mf",0
"K126-P1265",3.9,"3","da",0
"K126-P1268",5.4,"4","mf",0
"K126-P1268",5.4,"4","da",0
"K126-P1277",3.1,"2","mf",0
"K126-P1277",3.1,"2","da",0
"K126-P554",7.2,"5","mf",0
"K126-P554",7.2,"5","da",0
"K126-P575",6.6,"5","mf",0
"K126-P575",6.6,"5","da",0
"K126-P627",6.2,"4","mf",0
"K126-P627",6.2,"4","da",0
"K126-P639",5.7,"4","mf",1
"K126-P639",5.7,"4","da",0
"K126-P643",6.2,"5","mf",0
"K126-P643",6.2,"5","da",0
"K126-P668",5.7,"4","mf",0
"K126-P668",5.7,"4","da",0
"K126-P743",4.6,"3","mf",0
"K126-P743",4.6,"3","da",0
"K126-P802",4.4,"3","mf",0
"K126-P802",4.4,"3","da",0
"K126-P823",4.6,"3","mf",0
"K126-P823",4.6,"3","da",0
"K126-P826",4.6,"3","mf",0
"K126-P826",4.6,"3","da",0
"K126-P833",4.3,"3","mf",0
"K126-P833",4.3,"3","da",0
"K126-P836",4.1,"3","mf",0
"K126-P836",4.1,"3","da",0
"K126-P867",4.2,"3","mf",0
"K126-P867",4.2,"3","da",0
"K126-P906",3.7,"2","mf",0
"K126-P906",3.7,"2","da",0
"K126-P935",3.3,"2","mf",0
"K126-P935",3.3,"2","da",0
"K126-P956",2.3,"1","mf",0
"K126-P956",2.3,"1","da",0
"K126-P981",2.5,"1","mf",0
"K126-P981",2.5,"1","da",0
"K126-P985",2.4,"1","mf",0
"K126-P985",2.4,"1","da",0
"K126-P988",2.2,"1","mf",0
"K126-P988",2.2,"1","da",0
"K126-P990",2.2,"1","mf",0
"K126-P990",2.2,"1","da",1
"K126-P993",2.3,"1","mf",0
"K126-P993",2.3,"1","da",0
"K128-P103",3.6,"2","mf",0
"K128-P103",3.6,"2","da",0
"K128-P105",3.1,"2","mf",0
"K128-P105",3.1,"2","da",0
"K128-P111",4.3,"3","mf",0
"K128-P111",4.3,"3","da",0
"K128-P121",4.7,"3","mf",0
"K128-P121",4.7,"3","da",0
"K128-P143",5.6,"4","mf",0
"K128-P143",5.6,"4","da",0
"K128-P171",3.4,"2","mf",0
"K128-P171",3.4,"2","da",0
"K128-P203",2.7,"1","mf",0
"K128-P203",2.7,"1","da",0
"K128-P261",3.4,"2","mf",0
"K128-P261",3.4,"2","da",0
"K128-P270",3.3,"2","mf",0
"K128-P270",3.3,"2","da",0
"K128-P336",2.2,"1","mf",0
"K128-P336",2.2,"1","da",0
"K129-P251",3.1,"2","mf",0
"K129-P251",3.1,"2","da",0
"K129-P256",9.7,"8","mf",0
"K129-P256",9.7,"8","da",0
"K129-P257",9.6,"7","mf",0
"K129-P257",9.6,"7","da",0
"K129-P260",5.5,"4","mf",0
"K129-P260",5.5,"4","da",0
"K129-P270",5.6,"4","mf",0
"K129-P270",5.6,"4","da",0
"K129-P282",7.9,"7","mf",0
"K129-P282",7.9,"7","da",1
"K12-P1003",2.3,"1","mf",0
"K12-P1003",2.3,"1","da",0
"K12-P1006",2.2,"1","mf",0
"K12-P1006",2.2,"1","da",0
"K12-P1008",3.3,"2","mf",0
"K12-P1008",3.3,"2","da",0
"K12-P1009",2.1,"1","mf",0
"K12-P1009",2.1,"1","da",0
"K12-P1018",4.4,"3","mf",0
"K12-P1018",4.4,"3","da",0
"K12-P1023",3.3,"2","mf",0
"K12-P1023",3.3,"2","da",0
"K12-P1027",2.1,"1","mf",0
"K12-P1027",2.1,"1","da",0
"K12-P1030",2.8,"1","mf",0
"K12-P1030",2.8,"1","da",0
"K12-P1032",3.5,"2","mf",0
"K12-P1032",3.5,"2","da",0
"K12-P1061",2.6,"1","mf",0
"K12-P1061",2.6,"1","da",0
"K12-P1063",2,"1","mf",0
"K12-P1063",2,"1","da",0
"K12-P1068",2.4,"1","mf",0
"K12-P1068",2.4,"1","da",0
"K12-P148",8.1,"7","mf",0
"K12-P148",8.1,"7","da",0
"K12-P167",7.9,"6","mf",1
"K12-P167",7.9,"6","da",0
"K12-P259",6.4,"5","mf",1
"K12-P259",6.4,"5","da",0
"K12-P270",6.3,"5","mf",0
"K12-P270",6.3,"5","da",0
"K12-P276",6.7,"5","mf",0
"K12-P276",6.7,"5","da",0
"K12-P277",6,"5","mf",0
"K12-P277",6,"5","da",0
"K12-P306",6.1,"5","mf",0
"K12-P306",6.1,"5","da",0
"K12-P313",7.1,"5","mf",0
"K12-P313",7.1,"5","da",0
"K12-P322",5.9,"4","mf",0
"K12-P322",5.9,"4","da",1
"K12-P367",5.5,"4","mf",0
"K12-P367",5.5,"4","da",0
"K12-P401",4.3,"3","mf",0
"K12-P401",4.3,"3","da",0
"K12-P405",5,"3","mf",0
"K12-P405",5,"3","da",0
"K12-P414",5,"4","mf",0
"K12-P414",5,"4","da",0
"K12-P418",4.3,"3","mf",0
"K12-P418",4.3,"3","da",0
"K12-P425",4.2,"3","mf",0
"K12-P425",4.2,"3","da",0
"K12-P433",4.3,"3","mf",0
"K12-P433",4.3,"3","da",0
"K12-P435",4.2,"3","mf",0
"K12-P435",4.2,"3","da",0
"K12-P436",4.5,"3","mf",0
"K12-P436",4.5,"3","da",0
"K12-P452",4.3,"3","mf",0
"K12-P452",4.3,"3","da",0
"K12-P475",3.5,"2","mf",0
"K12-P475",3.5,"2","da",0
"K12-P476",4.1,"3","mf",0
"K12-P476",4.1,"3","da",0
"K12-P502",3.4,"2","mf",0
"K12-P502",3.4,"2","da",0
"K12-P516",3.1,"2","mf",0
"K12-P516",3.1,"2","da",0
"K12-P526",3,"2","mf",0
"K12-P526",3,"2","da",0
"K12-P534",3,"2","mf",0
"K12-P534",3,"2","da",0
"K12-P548",3.2,"2","mf",0
"K12-P548",3.2,"2","da",0
"K12-P556",4,"3","mf",0
"K12-P556",4,"3","da",0
"K12-P560",2.3,"1","mf",0
"K12-P560",2.3,"1","da",1
"K12-P575",2.1,"1","mf",0
"K12-P575",2.1,"1","da",0
"K12-P577",2.1,"1","mf",0
"K12-P577",2.1,"1","da",0
"K12-P603",2.2,"1","mf",0
"K12-P603",2.2,"1","da",0
"K12-P728",3.7,"2","mf",0
"K12-P728",3.7,"2","da",0
"K12-P729",3.5,"2","mf",0
"K12-P729",3.5,"2","da",0
"K12-P731",3.6,"2","mf",0
"K12-P731",3.6,"2","da",1
"K12-P733",3.7,"2","mf",0
"K12-P733",3.7,"2","da",0
"K12-P760",3.1,"2","mf",0
"K12-P760",3.1,"2","da",0
"K12-P765",3.4,"2","mf",0
"K12-P765",3.4,"2","da",0
"K12-P770",3.2,"2","mf",0
"K12-P770",3.2,"2","da",0
"K12-P772",3.4,"2","mf",0
"K12-P772",3.4,"2","da",0
"K12-P780",3.4,"2","mf",0
"K12-P780",3.4,"2","da",0
"K12-P783",3.2,"2","mf",0
"K12-P783",3.2,"2","da",0
"K12-P792",3.8,"3","mf",0
"K12-P792",3.8,"3","da",0
"K12-P794",3,"2","mf",0
"K12-P794",3,"2","da",0
"K12-P796",3.1,"2","mf",0
"K12-P796",3.1,"2","da",0
"K12-P802",2.3,"1","mf",0
"K12-P802",2.3,"1","da",0
"K12-P804",3.5,"2","mf",0
"K12-P804",3.5,"2","da",0
"K12-P808",3.2,"2","mf",0
"K12-P808",3.2,"2","da",0
"K12-P818",5.1,"4","mf",0
"K12-P818",5.1,"4","da",0
"K12-P854",7.5,"5","mf",0
"K12-P854",7.5,"5","da",0
"K12-P918",4.4,"2","mf",0
"K12-P918",4.4,"2","da",0
"K12-P925",1.9,"1","mf",0
"K12-P925",1.9,"1","da",0
"K12-P932",2.1,"1","mf",0
"K12-P932",2.1,"1","da",0
"K12-P938",2.9,"1","mf",0
"K12-P938",2.9,"1","da",0
"K12-P947",2,"1","mf",0
"K12-P947",2,"1","da",0
"K12-P961",2.5,"1","mf",0
"K12-P961",2.5,"1","da",0
"K130-P341",10.1,"8","mf",0
"K130-P341",10.1,"8","da",0
"K130-P450",7.5,"6","mf",0
"K130-P450",7.5,"6","da",0
"K130-P494",7,"5","mf",0
"K130-P494",7,"5","da",0
"K130-P502",6.2,"5","mf",0
"K130-P502",6.2,"5","da",0
"K130-P518",6.2,"5","mf",0
"K130-P518",6.2,"5","da",0
"K130-P519",6.4,"5","mf",0
"K130-P519",6.4,"5","da",0
"K130-P543",5.6,"4","mf",0
"K130-P543",5.6,"4","da",0
"K130-P587",4.4,"3","mf",0
"K130-P587",4.4,"3","da",0
"K130-P595",4.3,"3","mf",0
"K130-P595",4.3,"3","da",0
"K130-P612",4,"3","mf",0
"K130-P612",4,"3","da",0
"K130-P617",4.3,"3","mf",0
"K130-P617",4.3,"3","da",0
"K130-P626",3.9,"2","mf",0
"K130-P626",3.9,"2","da",1
"K130-P637",4.1,"3","mf",0
"K130-P637",4.1,"3","da",0
"K130-P644",3.4,"3","mf",0
"K130-P644",3.4,"3","da",0
"K130-P647",3.2,"2","mf",0
"K130-P647",3.2,"2","da",0
"K130-P657",3,"2","mf",0
"K130-P657",3,"2","da",0
"K130-P663",3.1,"2","mf",0
"K130-P663",3.1,"2","da",0
"K130-P671",3.2,"2","mf",0
"K130-P671",3.2,"2","da",0
"K130-P683",2.8,"1","mf",0
"K130-P683",2.8,"1","da",0
"K130-P705",2,"1","mf",0
"K130-P705",2,"1","da",0
"K130-P708",3,"2","mf",0
"K130-P708",3,"2","da",0
"K130-P710",2.1,"1","mf",0
"K130-P710",2.1,"1","da",0
"K13-P435",5.4,"4","mf",0
"K13-P435",5.4,"4","da",0
"K13-P439",4.2,"3","mf",0
"K13-P439",4.2,"3","da",0
"K13-P440",3.9,"3","mf",0
"K13-P440",3.9,"3","da",0
"K13-P447",4.2,"3","mf",0
"K13-P447",4.2,"3","da",0
"K13-P488",3.3,"2","mf",0
"K13-P488",3.3,"2","da",0
"K13-P510",1.9,"1","mf",0
"K13-P510",1.9,"1","da",0
"K13-P529",2.1,"1","mf",0
"K13-P529",2.1,"1","da",0
"K13-P530",1.9,"1","mf",0
"K13-P530",1.9,"1","da",0
"K13-P531",2,"1","mf",0
"K13-P531",2,"1","da",0
"K1-P1001",2.3,"1","mf",0
"K1-P1001",2.3,"1","da",0
"K1-P1008",4.6,"3","mf",0
"K1-P1008",4.6,"3","da",0
"K1-P1028",5.4,"3","mf",0
"K1-P1028",5.4,"3","da",0
"K1-P1037",2,"1","mf",0
"K1-P1037",2,"1","da",0
"K1-P1047",3,"2","mf",0
"K1-P1047",3,"2","da",0
"K1-P1055",2.3,"1","mf",0
"K1-P1055",2.3,"1","da",0
"K1-P1056",2.3,"1","mf",0
"K1-P1056",2.3,"1","da",0
"K1-P1083",2.5,"2","mf",0
"K1-P1083",2.5,"2","da",0
"K1-P1086",6.3,"5","mf",0
"K1-P1086",6.3,"5","da",0
"K1-P700",7.6,"6","mf",0
"K1-P700",7.6,"6","da",0
"K1-P745",6.2,"4","mf",0
"K1-P745",6.2,"4","da",0
"K1-P764",6.1,"4","mf",0
"K1-P764",6.1,"4","da",0
"K1-P811",5.3,"3","mf",1
"K1-P811",5.3,"3","da",1
"K1-P819",5.1,"4","mf",0
"K1-P819",5.1,"4","da",0
"K1-P833",5.6,"3","mf",0
"K1-P833",5.6,"3","da",1
"K1-P915",3.3,"2","mf",0
"K1-P915",3.3,"2","da",0
"K1-P931",3.3,"2","mf",0
"K1-P931",3.3,"2","da",0
"K1-P965",2.3,"1","mf",0
"K1-P965",2.3,"1","da",0
"K1-P969",4.2,"2","mf",0
"K1-P969",4.2,"2","da",0
"K1-P980",2.1,"1","mf",0
"K1-P980",2.1,"1","da",0
"K1-P991",3.7,"2","mf",0
"K1-P991",3.7,"2","da",0
"K1-P992",2.2,"1","mf",0
"K1-P992",2.2,"1","da",1
